Name,Email,Start Date,End Date,Reg room num,Pent room num
John Smith,john.smith@emailhub.com,2025-05-03,2025-05-10,1,0
Emily Johnson,emily.johnson@webmailer.net,2025-05-12,2025-05-20,2,0
Michael Brown,michael.brown@inboxnow.org,2025-05-18,2025-05-27,3,0
Sarah Davis,sarah.davis@fastmailer.co,2025-05-22,2025-05-30,0,1
David Wilson,david.wilson@myinbox.net,2025-06-03,2025-06-12,5,0
Laura Moore,laura.moore@postify.org,2025-06-09,2025-06-19,0,2
James Taylor,james.taylor@cloudmail.co,2025-06-15,2025-06-21,1,0
Anna Anderson,anna.anderson@mailworks.net,2025-06-26,2025-07-03,6,0
Robert Thomas,robert.thomas@netpostbox.com,2025-07-09,2025-07-17,7,0
Olivia Martin,olivia.martin@quickmail.co,2025-07-16,2025-07-23,0,3
Daniel White,daniel.white@inboxlane.com,2025-07-23,2025-07-31,8,0
Emma Thompson,emma.thompson@mailrise.net,2025-07-29,2025-08-06,0,4
Matthew Harris,matthew.harris@swiftpost.org,2025-08-07,2025-08-15,9,0
Grace Lewis,grace.lewis@zippymail.co,2025-08-14,2025-08-22,0,5
Andrew Walker,andrew.walker@newmailnow.com,2025-08-21,2025-08-29,10,0
Chloe Hall,chloe.hall@brightmail.net,2025-08-30,2025-09-08,0,1
Joshua Young,joshua.young@openinbox.org,2025-09-01,2025-09-08,1,0
Lily Allen,lily.allen@freshpost.co,2025-09-10,2025-09-16,0,2
Christopher King,christopher.king@loopmail.net,2025-09-19,2025-09-25,2,0
Sophie Scott,sophie.scott@evermail.org,2025-09-27,2025-10-01,0,3